{
  "nodes": {
    "create-mailer#1": {
      "rfNode": {
        "position": {
          "x": -82.4916015890187,
          "y": 105.13635496639637
        }
      }
    },
    "send-mail#1": {
      "rfNode": {
        "position": {
          "x": 417.3104550973886,
          "y": 105.13635496639637
        }
      }
    }
  }
}