{
  "nodes": {
    "create-mailer#1": {
      "rfNode": {
        "position": {
          "x": 90.4426585431143,
          "y": 199.71609218589884
        }
      }
    },
    "send-mail#1": {
      "rfNode": {
        "position": {
          "x": 667.0489430459044,
          "y": 199.71609218589884
        }
      }
    }
  }
}